{"cameraMode":{"drawMode":0,"name":"Shaded","section":"Shading Mode"},"sceneLighting":true,"audioPlay":false,"sceneViewState":{"showFog":true,"showMaterialUpdate":false,"showSkybox":true,"showFlares":true,"showImageEffects":true,"showParticleSystems":true},"in2DMode":false,"pivot":{"x":-0.35239458084106448,"y":-1.8204731941223145,"z":12.482198715209961},"rotation":{"x":-0.04079759493470192,"y":0.006591029465198517,"z":-0.0002689871471375227,"w":-0.9991505146026611},"size":31.519304275512697,"orthographic":false}