{"cameraMode":{"drawMode":0,"name":"Shaded","section":"Shading Mode"},"sceneLighting":true,"audioPlay":false,"sceneViewState":{"showFog":true,"showMaterialUpdate":false,"showSkybox":true,"showFlares":true,"showImageEffects":true,"showParticleSystems":true},"in2DMode":false,"pivot":{"x":1.0849294662475587,"y":1.2535256147384644,"z":-0.07624857127666474},"rotation":{"x":-0.07982666790485382,"y":0.7096207141876221,"z":-0.08147157728672028,"w":-0.6952916979789734},"size":5.707395553588867,"orthographic":false}